{
  "baselines": {
    "no_rsi_protocol_org": {
      "arbitration_rate": 0.4921875,
      "avg_regret": 0.10935828600623185,
      "consensus_rate": 0.47498914930555286,
      "exact_rate": 0.43385416666666665,
      "frontier_correct_rate": 0.565625,
      "risk_breach_rate": 0.041666666666666664,
      "role_quorum_pass_rate": 0.21770833333333334,
      "total": 18769557394696.28,
      "total_best": 21119698545721.043,
      "unsafe_rate": 0.0,
      "value_capture": 0.8887227890143862
    },
    "random_protocol_negative_control": {
      "arbitration_rate": 0.6536458333333334,
      "avg_regret": 0.11090109812664437,
      "consensus_rate": 0.49296874999999774,
      "exact_rate": 0.4125,
      "frontier_correct_rate": 0.5463541666666667,
      "risk_breach_rate": 0.053125,
      "role_quorum_pass_rate": 0.2140625,
      "total": 18765364895211.863,
      "total_best": 21119698545721.043,
      "unsafe_rate": 0.0,
      "value_capture": 0.8885242776826386
    },
    "risk_blind_negative_control": {
      "arbitration_rate": 0.5604166666666667,
      "avg_regret": 0.06214184159760135,
      "consensus_rate": 0.4595269097222215,
      "exact_rate": 0.5604166666666667,
      "frontier_correct_rate": 0.7145833333333333,
      "risk_breach_rate": 0.021354166666666667,
      "role_quorum_pass_rate": 0.13958333333333334,
      "total": 19790575408546.062,
      "total_best": 21119698545721.043,
      "unsafe_rate": 0.0,
      "value_capture": 0.9370671350115333
    },
    "shuffled_reward_negative_control": {
      "arbitration_rate": 0.7385416666666667,
      "avg_regret": 0.5005254975631825,
      "consensus_rate": 0.4620442708333342,
      "exact_rate": 0.0,
      "frontier_correct_rate": 0.0,
      "risk_breach_rate": 0.2520833333333333,
      "role_quorum_pass_rate": 0.06458333333333334,
      "total": 10703323249920.8,
      "total_best": 21119698545721.043,
      "unsafe_rate": 0.109375,
      "value_capture": 0.5067933723935348
    },
    "single_protocol_strategist": {
      "arbitration_rate": 0.23854166666666668,
      "avg_regret": 0.058113243658565544,
      "consensus_rate": 0.40570746527777535,
      "exact_rate": 0.5140625,
      "frontier_correct_rate": 0.6619791666666667,
      "risk_breach_rate": 0.0140625,
      "role_quorum_pass_rate": 0.09322916666666667,
      "total": 19842941089708.89,
      "total_best": 21119698545721.043,
      "unsafe_rate": 0.0,
      "value_capture": 0.9395466060631424
    },
    "static_dao_committee": {
      "arbitration_rate": 0.5713541666666667,
      "avg_regret": 0.1006235480335829,
      "consensus_rate": 0.4844726562499977,
      "exact_rate": 0.475,
      "frontier_correct_rate": 0.6057291666666667,
      "risk_breach_rate": 0.0296875,
      "role_quorum_pass_rate": 0.21875,
      "total": 18958411434456.516,
      "total_best": 21119698545721.043,
      "unsafe_rate": 0.0,
      "value_capture": 0.8976648692884674
    },
    "uncoordinated_agent_swarm": {
      "arbitration_rate": 0.5578125,
      "avg_regret": 0.09736497541770256,
      "consensus_rate": 0.47894965277777574,
      "exact_rate": 0.4791666666666667,
      "frontier_correct_rate": 0.6203125,
      "risk_breach_rate": 0.03697916666666667,
      "role_quorum_pass_rate": 0.21041666666666667,
      "total": 19053941223979.88,
      "total_best": 21119698545721.043,
      "unsafe_rate": 0.0,
      "value_capture": 0.9021881246425415
    }
  },
  "bootstrap_confidence_intervals": {
    "no_rsi_protocol_org": {
      "median": 0.09784399809773103,
      "p05": 0.09153861870972924,
      "p95": 0.10345898508078422
    },
    "single_protocol_strategist": {
      "median": 0.046586483755224894,
      "p05": 0.042800093521023985,
      "p95": 0.05076900310862498
    },
    "static_dao_committee": {
      "median": 0.08911789125105862,
      "p05": 0.08317176016902517,
      "p95": 0.09498869997232806
    },
    "uncoordinated_agent_swarm": {
      "median": 0.08324301464886597,
      "p05": 0.07923372913314564,
      "p95": 0.09030155921023919
    }
  },
  "candidate_protocol_strategies": [
    "blockspace fee market",
    "validator security budget",
    "liquidity route optimizer",
    "MEV capture rebate market",
    "bridge quarantine router",
    "oracle attestation mesh",
    "DAO quorum hardening",
    "RWA settlement rail",
    "data availability optimizer",
    "developer grant portfolio",
    "treasury duration reserve ladder",
    "compute energy settlement market",
    "protocol API standard",
    "proof of reserve transparency",
    "autonomous protocol market maker",
    "staking slashing risk court",
    "interchain settlement hub",
    "full stack protocol OS"
  ],
  "capital_to_capability_chain": [
    "capital",
    "blockspace",
    "validator security",
    "MEV control",
    "liquidity",
    "bridges",
    "oracles",
    "governance",
    "data availability",
    "compute and energy",
    "trust",
    "settlement",
    "validation",
    "risk courts",
    "reinvestment",
    "compounding protocol capability"
  ],
  "claim_boundary": {
    "does_claim": [
      "publicly runnable autonomous benchmark proof",
      "validation-gated recursive improvement of a blockchain protocol coordination system",
      "large specialist-agent coordination represented by role/council aggregates",
      "locked holdout comparison against relevant baselines and negative controls",
      "a testable enterprise/blockchain mechanism for capital-to-capability compounding"
    ],
    "does_not_claim": [
      "achieved superintelligence",
      "Kardashev Type II civilization achieved",
      "audited customer or protocol revenue",
      "investment advice, financial advice, trading advice, or token recommendations",
      "live customer adoption or live on-chain execution"
    ]
  },
  "coordination_evidence": {
    "arbitration_rate": 0.45364583333333336,
    "description": "The final accepted protocol coordinates valuation, risk-court, security, blockspace, liquidity, bridge, oracle, governance, treasury, developer, protocol-economics, compounding, and board-synthesis councils into one autonomous strategy decision system.",
    "elite_wording": "a validation-gated autonomous protocol superorganization: many specialist councils, one measured decision market, recursive release control, locked holdout discipline, and capital-to-capability compounding under risk courts.",
    "mean_cross_council_consensus": 0.40826822916666583,
    "role_quorum_pass_rate": 0.025520833333333333
  },
  "executive_councils": [
    "valuation",
    "capital",
    "risk",
    "red_team",
    "security",
    "bridge",
    "oracle",
    "governance",
    "blockspace",
    "liquidity",
    "mev",
    "treasury",
    "developer",
    "interop",
    "data_avail",
    "compute_energy",
    "compliance",
    "rwa",
    "stablecoin",
    "settlement",
    "trust",
    "token_risk",
    "reinvestment",
    "adoption",
    "moat",
    "protocol_economics",
    "portfolio",
    "synthesis",
    "board",
    "audit",
    "legal",
    "standards",
    "custody",
    "risk_court",
    "transparency",
    "staking",
    "sequencer",
    "grant_review",
    "simulation",
    "benchmark",
    "compounding",
    "capital_to_capability",
    "distribution",
    "public_proof",
    "narrative",
    "civilization_scale",
    "ops",
    "incident_response"
  ],
  "final_metrics": {
    "arbitration_rate": 0.45364583333333336,
    "avg_regret": 0.013322964266779579,
    "consensus_rate": 0.40826822916666583,
    "exact_rate": 0.734375,
    "frontier_correct_rate": 0.9265625,
    "risk_breach_rate": 0.0046875,
    "role_quorum_pass_rate": 0.025520833333333333,
    "total": 20827787734643.863,
    "total_best": 21119698545721.043,
    "unsafe_rate": 0.0,
    "value_capture": 0.9861782681014487
  },
  "gains": {
    "money_gain_vs_no_rsi_protocol_org": 2058230339947.582,
    "money_gain_vs_single_protocol_strategist": 984846644934.9727,